{"cameraMode":{"drawMode":0,"name":"Shaded","section":"Shading Mode"},"sceneLighting":true,"audioPlay":false,"sceneViewState":{"showFog":true,"showMaterialUpdate":false,"showSkybox":true,"showFlares":true,"showImageEffects":true,"showParticleSystems":true},"in2DMode":false,"pivot":{"x":123.52593231201172,"y":10.806951522827149,"z":-35.40056610107422},"rotation":{"x":-0.035594336688518527,"y":-0.9243242740631104,"z":0.36962637305259707,"w":-0.0892830342054367},"size":70.24456787109375,"orthographic":false}