{"cameraMode":{"drawMode":0,"name":"Shaded","section":"Shading Mode"},"sceneLighting":true,"audioPlay":false,"sceneViewState":{"showFog":true,"showMaterialUpdate":false,"showSkybox":true,"showFlares":true,"showImageEffects":true,"showParticleSystems":true},"in2DMode":false,"pivot":{"x":133.9413604736328,"y":27.227867126464845,"z":-7.822856903076172},"rotation":{"x":-0.3231078088283539,"y":-0.6435712575912476,"z":0.3457688093185425,"w":-0.6017441749572754},"size":21.639497756958009,"orthographic":false}